id,idUsuario,fechaLogin
3,5,2022-09-18 17:18:13
5,5,2022-09-18 17:50:16
6,5,2022-09-18 19:21:29
7,5,2022-09-18 19:21:59
8,5,2022-09-18 19:22:00
9,5,2022-09-18 19:22:00
10,5,2022-09-18 19:22:01
11,5,2022-09-18 19:22:02
12,5,2022-09-18 19:22:02
13,5,2022-09-18 19:22:03
14,5,2022-09-18 19:22:04
15,5,2022-09-18 19:22:05
16,5,2022-09-18 19:22:06
17,5,2022-09-18 19:22:07
18,5,2022-09-18 19:26:15
19,5,2022-09-18 19:29:05
20,5,2022-09-18 19:29:22
21,5,2022-09-18 19:29:38
22,5,2022-09-18 19:29:53
23,5,2022-09-18 19:30:18
24,5,2022-09-18 19:30:19
25,5,2022-09-18 19:30:20
26,5,2022-09-18 19:30:21
27,5,2022-09-18 19:30:21
28,5,2022-09-18 19:30:22
29,5,2022-09-18 19:30:23
30,5,2022-09-18 19:30:52
31,5,2022-09-18 19:31:11
32,5,2022-09-18 19:35:52
33,5,2022-09-18 19:38:17
34,5,2022-09-18 19:39:54
35,5,2022-09-18 20:08:17
36,5,2022-09-18 20:10:44
37,5,2022-09-18 20:10:59
38,5,2022-09-18 20:14:28
39,5,2022-09-18 20:14:38
40,5,2022-09-18 20:20:23
41,5,2022-09-18 20:20:34
42,5,2022-09-18 20:20:35
43,5,2022-09-18 20:20:36
44,5,2022-09-18 20:20:51
45,5,2022-09-18 20:25:21
46,5,2022-09-18 20:30:12
47,5,2022-09-18 20:30:26
48,5,2022-09-18 20:34:50
49,5,2022-09-18 20:35:56
50,5,2022-09-18 20:36:23
51,5,2022-09-18 20:36:30
52,5,2022-09-18 20:36:38
53,5,2022-09-18 20:36:49
54,5,2022-09-18 20:37:35
55,5,2022-09-18 20:39:28
56,5,2022-09-18 20:39:32
57,5,2022-09-18 20:39:51
58,5,2022-09-18 20:39:59
59,5,2022-09-18 20:44:26
60,5,2022-09-18 22:04:39
61,5,2022-09-18 22:07:14
62,10,2022-09-19 04:11:49
63,5,2022-09-19 04:12:22
64,5,2022-09-22 16:38:37
65,10,2022-09-23 00:22:43
66,10,2022-09-23 02:41:47
67,5,2022-09-23 02:42:43
68,5,2022-09-25 19:33:23
69,5,2022-09-25 19:34:16
70,5,2022-09-25 19:34:55
71,5,2022-09-25 19:35:02
72,5,2022-09-25 19:35:09
73,5,2022-09-25 19:35:22
74,5,2022-09-25 19:35:37
75,5,2022-09-25 19:36:11
76,5,2022-09-25 19:36:33
77,5,2022-09-25 19:36:57
78,5,2022-09-25 19:37:11
79,5,2022-09-25 19:37:25
80,5,2022-09-25 19:38:12
81,5,2022-09-25 19:38:20
82,5,2022-09-25 19:40:20
83,5,2022-09-25 20:20:01
84,5,2022-09-25 20:20:32
85,5,2022-09-25 20:28:24
86,5,2022-09-25 20:28:47
87,5,2022-09-25 20:28:51
88,5,2022-09-25 20:28:54
89,5,2022-09-25 20:56:12
90,5,2022-10-15 22:32:43
91,5,2022-10-17 15:21:25
92,5,2022-10-22 03:36:50
93,5,2022-10-27 21:53:02
94,5,2022-10-29 03:38:56
95,5,2022-11-05 03:28:57
96,5,2022-11-05 23:05:29
97,5,2022-11-07 10:18:53
98,5,2022-11-09 12:30:49
99,10,2022-11-09 14:12:48
100,10,2022-11-10 19:42:03
101,11,2022-11-11 11:30:09
102,10,2022-11-11 11:31:04
103,11,2022-11-11 11:31:38
104,5,2022-11-11 11:40:55
105,5,2022-11-17 13:46:12
106,5,2022-11-25 22:09:04
